,Player,Pos,Age,Tm,G,GS,MP,FG,FGA,FG%,3P,3PA,3P%,2P,2PA,2P%,eFG%,FT,FTA,FT%,ORB,DRB,TRB,AST,STL,BLK,TOV,PF,PS/G
3,Steven Adams,C,23,OKC,80,80,29.9,4.7,8.2,0.5710000000000001,0.0,0.0,0.0,4.7,8.2,0.5720000000000001,0.5710000000000001,2.0,3.2,0.611,3.5,4.2,7.7,1.1,1.1,1.0,1.8,2.4,11.3
4,Arron Afflalo,SG,31,SAC,61,45,25.9,3.0,6.9,0.44,1.0,2.5,0.41100000000000003,2.0,4.4,0.457,0.514,1.4,1.5,0.892,0.1,1.9,2.0,1.3,0.3,0.1,0.7,1.7,8.4
7,LaMarcus Aldridge,PF,31,SAS,72,72,32.4,6.9,14.6,0.47700000000000004,0.3,0.8,0.41100000000000003,6.6,13.8,0.48,0.488,3.1,3.8,0.812,2.4,4.9,7.3,1.9,0.6,1.2,1.4,2.2,17.3
9,Tony Allen,SG,35,MEM,71,66,27.0,3.9,8.4,0.461,0.2,0.8,0.278,3.6,7.6,0.479,0.473,1.1,1.8,0.615,2.3,3.2,5.5,1.4,1.6,0.4,1.4,2.5,9.1
10,Al-Farouq Aminu,PF,26,POR,61,25,29.1,3.0,7.6,0.39299999999999996,1.1,3.5,0.33,1.9,4.2,0.445,0.46799999999999997,1.6,2.2,0.706,1.3,6.1,7.4,1.6,1.0,0.7,1.5,1.7,8.7
13,Justin Anderson,SF,23,TOT,75,10,16.4,2.5,5.9,0.424,0.8,2.6,0.299,1.7,3.3,0.522,0.49,1.4,1.7,0.7909999999999999,0.9,2.3,3.3,0.9,0.5,0.3,0.9,1.5,7.1
17,Ryan Anderson,PF,28,HOU,72,72,29.4,4.5,10.7,0.418,2.8,7.0,0.40299999999999997,1.7,3.7,0.446,0.55,1.8,2.1,0.86,1.6,3.0,4.6,0.9,0.4,0.2,0.8,2.0,13.6
18,Giannis Antetokounmpo,SF,22,MIL,80,80,35.6,8.2,15.7,0.521,0.6,2.3,0.272,7.6,13.5,0.563,0.541,5.9,7.7,0.77,1.8,7.0,8.8,5.4,1.6,1.9,2.9,3.1,22.9
19,Carmelo Anthony,SF,32,NYK,74,74,34.3,8.1,18.8,0.433,2.0,5.7,0.359,6.1,13.1,0.466,0.488,4.1,4.9,0.833,0.8,5.1,5.9,2.9,0.8,0.5,2.1,2.7,22.4
21,Trevor Ariza,SF,31,HOU,80,80,34.7,4.1,10.0,0.409,2.4,6.9,0.344,1.7,3.0,0.556,0.528,1.2,1.6,0.738,0.7,5.1,5.7,2.2,1.8,0.3,0.9,1.7,11.7
22,Darrell Arthur,PF,28,DEN,41,7,15.6,2.3,5.2,0.442,1.3,2.9,0.45299999999999996,1.0,2.4,0.429,0.565,0.5,0.5,0.8640000000000001,0.6,2.1,2.7,1.0,0.5,0.5,0.9,1.9,6.4
24,Omer Asik,C,30,NOP,31,19,15.5,1.0,2.1,0.47700000000000004,0.0,0.0,0.0,1.0,2.1,0.47700000000000004,0.47700000000000004,0.7,1.3,0.59,1.5,3.7,5.3,0.5,0.2,0.3,0.5,1.6,2.7
25,D.J. Augustin,PG,29,ORL,78,20,19.7,2.5,6.6,0.377,1.2,3.5,0.34700000000000003,1.3,3.1,0.41200000000000003,0.469,1.7,2.1,0.8140000000000001,0.2,1.3,1.5,2.7,0.4,0.0,1.2,1.3,7.9
26,Luke Babbitt,SF,27,MIA,68,55,15.7,1.7,4.1,0.402,1.3,3.1,0.414,0.4,1.0,0.366,0.557,0.2,0.2,0.733,0.2,1.9,2.1,0.5,0.3,0.2,0.4,1.7,4.8
27,Ron Baker,SG,23,NYK,52,13,16.5,1.6,4.2,0.37799999999999995,0.4,1.7,0.267,1.1,2.5,0.45,0.431,0.5,0.8,0.6509999999999999,0.2,1.7,1.9,2.1,0.7,0.2,1.1,1.4,4.1
30,J.J. Barea,PG,32,DAL,35,6,22.0,4.1,9.8,0.414,1.5,4.2,0.358,2.5,5.6,0.456,0.491,1.3,1.5,0.863,0.3,2.1,2.4,5.5,0.4,0.0,1.8,0.9,10.9
31,Harrison Barnes,PF,24,DAL,79,79,35.5,7.6,16.2,0.46799999999999997,1.0,2.8,0.35100000000000003,6.6,13.4,0.49200000000000005,0.498,3.1,3.6,0.861,1.2,3.8,5.0,1.5,0.8,0.2,1.3,1.6,19.2
32,Matt Barnes,SF,36,TOT,74,18,24.0,2.5,6.4,0.391,1.2,3.6,0.331,1.3,2.8,0.467,0.483,0.9,1.2,0.787,0.9,4.2,5.2,2.6,0.6,0.4,1.4,2.5,7.1
35,Will Barton,SG,26,DEN,60,19,28.4,4.9,11.1,0.44299999999999995,1.5,3.9,0.37,3.5,7.2,0.483,0.508,2.4,3.2,0.753,1.0,3.4,4.3,3.4,0.8,0.5,1.6,1.8,13.7
37,Nicolas Batum,SG,28,CHO,77,77,34.0,5.1,12.7,0.40299999999999997,1.8,5.3,0.33299999999999996,3.4,7.4,0.45299999999999996,0.47200000000000003,3.2,3.7,0.856,0.6,5.6,6.2,5.9,1.1,0.4,2.5,1.4,15.1
38,Jerryd Bayless,PG,28,PHI,3,1,23.7,3.7,10.7,0.344,0.7,1.7,0.4,3.0,9.0,0.33299999999999996,0.375,3.0,3.3,0.9,1.0,3.0,4.0,4.3,0.0,0.0,3.0,1.3,11.0
39,Aron Baynes,C,30,DET,75,2,15.5,1.9,3.7,0.513,0.0,0.0,0.0,1.9,3.7,0.513,0.513,1.1,1.3,0.84,1.5,3.0,4.4,0.4,0.2,0.5,0.7,2.2,4.9
40,Kent Bazemore,SF,27,ATL,73,64,26.9,4.0,9.9,0.409,1.3,3.6,0.34600000000000003,2.8,6.2,0.446,0.473,1.6,2.3,0.708,0.6,2.5,3.2,2.4,1.2,0.7,1.7,2.3,11.0
41,Bradley Beal,SG,23,WAS,77,77,34.9,8.3,17.2,0.48200000000000004,2.9,7.2,0.40399999999999997,5.4,10.0,0.5379999999999999,0.5660000000000001,3.7,4.4,0.825,0.7,2.4,3.1,3.5,1.1,0.3,2.0,2.2,23.1
43,Michael Beasley,PF,28,MIL,56,6,16.7,3.9,7.3,0.532,0.3,0.8,0.419,3.5,6.5,0.545,0.5539999999999999,1.4,1.9,0.743,0.7,2.7,3.4,0.9,0.5,0.5,1.2,1.6,9.4
44,Marco Belinelli,SG,30,CHO,74,0,24.0,3.6,8.3,0.429,1.4,3.8,0.36,2.2,4.5,0.488,0.512,2.0,2.3,0.893,0.2,2.2,2.4,2.0,0.6,0.1,0.9,1.2,10.5
51,Patrick Beverley,SG,28,HOU,67,67,30.7,3.4,8.1,0.42,1.6,4.3,0.382,1.8,3.8,0.46299999999999997,0.521,1.1,1.4,0.768,1.4,4.4,5.9,4.2,1.5,0.4,1.5,3.3,9.5
52,Bismack Biyombo,C,24,ORL,81,27,22.1,2.2,4.2,0.528,0.0,0.0,0.0,2.2,4.2,0.528,0.528,1.5,2.9,0.534,1.9,5.1,7.0,0.9,0.3,1.1,1.2,2.5,6.0
53,Nemanja Bjelica,PF,28,MIN,65,1,18.3,2.3,5.5,0.424,0.9,2.7,0.316,1.5,2.8,0.531,0.503,0.7,0.9,0.738,0.9,2.9,3.8,1.2,0.6,0.3,0.9,2.4,6.2
54,Tarik Black,C,25,LAL,67,16,16.3,2.2,4.4,0.51,0.0,0.0,0.5,2.2,4.4,0.51,0.512,1.2,1.6,0.752,2.1,3.0,5.1,0.6,0.4,0.7,0.9,2.6,5.7
55,Eric Bledsoe,PG,27,PHO,66,66,33.0,6.8,15.7,0.434,1.6,4.7,0.335,5.2,11.0,0.47700000000000004,0.485,5.9,6.9,0.847,0.8,4.1,4.8,6.3,1.4,0.5,3.4,2.5,21.1
56,Bojan Bogdanovic,SF,27,TOT,81,54,25.7,4.6,10.4,0.445,1.8,4.8,0.36700000000000005,2.9,5.6,0.512,0.53,2.7,3.0,0.893,0.5,3.0,3.4,1.4,0.4,0.1,1.6,1.8,13.7
59,Andrew Bogut,C,32,TOT,27,21,21.6,1.4,3.0,0.469,0.0,0.0,0.0,1.4,3.0,0.475,0.469,0.1,0.4,0.273,2.1,6.0,8.1,1.8,0.5,0.9,1.6,3.2,2.9
63,Devin Booker,SG,20,PHO,78,78,35.0,7.8,18.3,0.423,1.9,5.2,0.363,5.9,13.2,0.447,0.475,4.7,5.7,0.8320000000000001,0.6,2.6,3.2,3.4,0.9,0.3,3.1,3.1,22.1
64,Trevor Booker,PF,29,BRK,71,43,24.7,4.3,8.3,0.516,0.4,1.1,0.321,3.9,7.2,0.546,0.537,1.0,1.5,0.6729999999999999,2.0,6.0,8.0,1.9,1.1,0.4,1.8,2.1,10.0
65,Avery Bradley,SG,26,BOS,55,55,33.4,6.5,14.1,0.46299999999999997,2.0,5.0,0.39,4.6,9.1,0.504,0.5329999999999999,1.2,1.7,0.731,1.2,4.9,6.1,2.2,1.2,0.2,1.6,2.6,16.3
66,Corey Brewer,SF,30,TOT,82,11,15.6,1.8,4.2,0.42200000000000004,0.3,1.4,0.22899999999999998,1.5,2.8,0.522,0.461,0.6,0.8,0.735,0.4,1.6,2.0,1.2,0.7,0.2,0.7,1.6,4.5
69,Malcolm Brogdon,SG,24,MIL,75,28,26.4,3.9,8.5,0.457,1.0,2.6,0.40399999999999997,2.8,5.9,0.48,0.518,1.5,1.7,0.865,0.6,2.2,2.8,4.2,1.1,0.2,1.5,1.9,10.2
76,Jaylen Brown,SF,20,BOS,78,20,17.2,2.5,5.4,0.45399999999999996,0.6,1.7,0.341,1.9,3.7,0.507,0.508,1.1,1.6,0.685,0.6,2.2,2.8,0.8,0.4,0.2,0.9,1.8,6.6
78,Reggie Bullock,SF,25,DET,31,5,15.1,1.7,4.1,0.42200000000000004,0.9,2.4,0.384,0.8,1.8,0.473,0.531,0.2,0.2,0.7140000000000001,0.4,1.6,2.1,0.9,0.6,0.1,0.3,0.7,4.5
80,Alec Burks,SG,25,UTA,42,0,15.5,2.4,5.9,0.39899999999999997,0.6,1.8,0.32899999999999996,1.8,4.1,0.43,0.45,1.4,1.9,0.769,0.4,2.5,2.9,0.7,0.4,0.1,0.8,1.2,6.7
81,Jimmy Butler,SF,27,CHI,76,75,37.0,7.5,16.5,0.455,1.2,3.3,0.36700000000000005,6.3,13.2,0.47700000000000004,0.49200000000000005,7.7,8.9,0.865,1.7,4.5,6.2,5.5,1.9,0.4,2.1,1.5,23.9
86,Kentavious Caldwell-Pope,SG,23,DET,76,75,33.3,4.9,12.2,0.39899999999999997,2.0,5.8,0.35,2.9,6.5,0.442,0.48100000000000004,2.0,2.4,0.8320000000000001,0.7,2.5,3.3,2.5,1.2,0.2,1.1,1.6,13.8
87,Isaiah Canaan,SG,25,CHI,39,0,15.2,1.6,4.4,0.364,0.6,2.4,0.266,1.0,2.0,0.48100000000000004,0.436,0.8,0.8,0.909,0.2,1.1,1.3,0.9,0.6,0.0,0.5,0.9,4.6
88,Clint Capela,C,22,HOU,65,59,23.9,5.6,8.7,0.643,0.0,0.0,0.0,5.6,8.7,0.643,0.643,1.4,2.7,0.531,2.7,5.4,8.1,1.0,0.5,1.2,1.3,2.8,12.6
89,DeMarre Carroll,SF,30,TOR,72,72,26.1,3.1,7.6,0.4,1.5,4.4,0.341,1.5,3.2,0.483,0.499,1.2,1.6,0.7609999999999999,0.9,2.9,3.8,1.0,1.1,0.4,0.8,2.0,8.9
90,Vince Carter,SF,40,MEM,73,15,24.6,2.6,6.7,0.39399999999999996,1.5,4.1,0.37799999999999995,1.1,2.7,0.418,0.508,1.2,1.6,0.765,0.5,2.6,3.1,1.8,0.8,0.5,0.7,2.2,8.0
91,Michael Carter-Williams,PG,25,CHI,45,19,18.8,2.5,6.8,0.366,0.3,1.4,0.23399999999999999,2.2,5.4,0.401,0.391,1.3,1.7,0.753,0.5,2.9,3.4,2.5,0.8,0.5,1.5,2.3,6.6
92,Omri Casspi,PF,28,TOT,36,2,17.9,2.1,4.6,0.47,0.4,1.2,0.349,1.7,3.4,0.512,0.515,0.5,0.8,0.586,0.8,2.4,3.1,1.0,0.6,0.1,0.8,1.4,5.2
96,Willie Cauley-Stein,C,23,SAC,75,21,18.9,3.4,6.4,0.53,0.0,0.0,0.0,3.4,6.4,0.532,0.53,1.3,2.0,0.669,1.1,3.4,4.5,1.1,0.7,0.6,0.9,2.0,8.1
97,Tyson Chandler,C,34,PHO,47,46,27.6,3.3,4.9,0.6709999999999999,0.0,0.0,0.0,3.3,4.9,0.6709999999999999,0.6709999999999999,1.9,2.6,0.7340000000000001,3.3,8.2,11.5,0.6,0.7,0.5,1.4,2.7,8.4
98,Wilson Chandler,SF,29,DEN,71,33,30.9,6.1,13.2,0.461,1.5,4.6,0.337,4.5,8.6,0.527,0.52,2.0,2.7,0.727,1.5,5.0,6.5,2.0,0.7,0.4,1.6,2.4,15.7
99,Marquese Chriss,PF,19,PHO,82,75,21.3,3.5,7.7,0.449,0.9,2.7,0.321,2.6,5.0,0.52,0.506,1.4,2.2,0.624,1.2,3.1,4.2,0.7,0.8,0.9,1.3,3.2,9.2
102,Semaj Christon,PG,24,OKC,64,1,15.2,1.2,3.5,0.345,0.2,1.0,0.19,1.0,2.5,0.406,0.37200000000000005,0.3,0.5,0.5479999999999999,0.3,1.1,1.4,2.0,0.4,0.1,0.7,1.2,2.9
104,Jordan Clarkson,SG,24,LAL,82,19,29.2,5.8,13.1,0.445,1.4,4.3,0.32899999999999996,4.4,8.7,0.503,0.5,1.6,2.0,0.7979999999999999,0.6,2.4,3.0,2.6,1.1,0.1,2.0,1.8,14.7
106,Darren Collison,PG,29,SAC,68,64,30.3,5.0,10.5,0.47600000000000003,1.1,2.6,0.41700000000000004,3.9,7.9,0.495,0.527,2.2,2.5,0.86,0.3,1.9,2.2,4.6,1.0,0.1,1.7,1.8,13.2
108,Mike Conley,PG,29,MEM,69,68,33.2,6.7,14.6,0.46,2.5,6.1,0.408,4.2,8.6,0.49700000000000005,0.545,4.6,5.3,0.8590000000000001,0.4,3.0,3.5,6.3,1.3,0.3,2.3,1.8,20.5
113,DeMarcus Cousins,C,26,TOT,72,72,34.2,9.0,19.9,0.452,1.8,5.0,0.361,7.2,14.8,0.483,0.498,7.2,9.3,0.772,2.1,8.9,11.0,4.6,1.4,1.3,3.7,3.9,27.0
116,Robert Covington,SF,26,PHI,67,67,31.6,4.4,10.9,0.39899999999999997,2.0,6.1,0.33299999999999996,2.3,4.8,0.484,0.49200000000000005,2.1,2.6,0.8220000000000001,1.4,5.1,6.5,1.5,1.9,1.0,2.0,3.0,12.9
117,Allen Crabbe,SG,24,POR,79,7,28.5,3.8,8.2,0.46799999999999997,1.7,3.8,0.444,2.1,4.4,0.49,0.5720000000000001,1.3,1.6,0.847,0.2,2.6,2.9,1.2,0.7,0.3,0.8,2.2,10.7
118,Jamal Crawford,SG,36,LAC,82,1,26.3,4.4,10.6,0.413,1.4,3.9,0.36,3.0,6.7,0.44299999999999995,0.479,2.1,2.5,0.857,0.2,1.4,1.6,2.6,0.7,0.2,1.6,1.4,12.3
119,Jordan Crawford,SG,28,NOP,19,0,23.3,5.5,11.5,0.48200000000000004,1.9,5.0,0.389,3.6,6.5,0.5529999999999999,0.5670000000000001,1.1,1.4,0.769,0.2,1.6,1.8,3.0,0.6,0.1,1.3,1.6,14.1
120,Jae Crowder,SF,26,BOS,72,72,32.4,4.6,10.0,0.46299999999999997,2.2,5.5,0.39799999999999996,2.4,4.5,0.54,0.5720000000000001,2.4,3.0,0.8109999999999999,0.7,5.1,5.8,2.2,1.0,0.3,1.1,2.2,13.9
121,Dante Cunningham,PF,29,NOP,66,35,25.0,2.6,5.4,0.485,1.1,2.7,0.392,1.6,2.7,0.579,0.584,0.2,0.4,0.593,0.8,3.3,4.2,0.6,0.6,0.4,0.4,1.5,6.6
122,Seth Curry,PG,26,DAL,70,42,29.0,4.8,10.0,0.48100000000000004,2.0,4.6,0.425,2.9,5.4,0.528,0.578,1.2,1.4,0.85,0.4,2.2,2.6,2.7,1.1,0.1,1.3,1.8,12.8
123,Stephen Curry,PG,28,GSW,79,79,33.4,8.5,18.3,0.46799999999999997,4.1,10.0,0.41100000000000003,4.4,8.3,0.537,0.58,4.1,4.6,0.898,0.8,3.7,4.5,6.6,1.8,0.2,3.0,2.3,25.3
124,Troy Daniels,SG,25,MEM,67,3,17.7,2.8,7.4,0.374,2.1,5.3,0.389,0.7,2.1,0.336,0.513,0.6,0.8,0.7959999999999999,0.3,1.2,1.5,0.7,0.3,0.1,0.7,1.3,8.2
125,Anthony Davis,C,23,NOP,75,75,36.1,10.3,20.3,0.505,0.5,1.8,0.299,9.7,18.6,0.524,0.518,6.9,8.6,0.802,2.3,9.5,11.8,2.1,1.3,2.2,2.4,2.2,28.0
128,Ed Davis,PF,27,POR,46,12,17.2,1.6,3.1,0.528,0.0,0.0,0.0,1.6,3.1,0.528,0.528,1.1,1.8,0.617,2.1,3.2,5.3,0.6,0.3,0.5,0.8,3.0,4.3
129,Dewayne Dedmon,C,27,SAS,76,37,17.5,2.1,3.4,0.622,0.0,0.0,0.0,2.1,3.4,0.622,0.622,0.9,1.2,0.6990000000000001,1.7,4.8,6.5,0.6,0.5,0.8,0.8,2.4,5.1
130,Sam Dekker,PF,22,HOU,77,2,18.4,2.6,5.6,0.473,0.8,2.4,0.321,1.9,3.1,0.591,0.5429999999999999,0.5,0.9,0.5589999999999999,1.2,2.5,3.7,1.0,0.5,0.3,0.5,1.1,6.5
131,Malcolm Delaney,PG,27,ATL,73,2,17.1,2.0,5.3,0.374,0.4,1.5,0.23600000000000002,1.6,3.8,0.428,0.40700000000000003,1.0,1.3,0.8059999999999999,0.1,1.5,1.7,2.6,0.5,0.0,1.3,1.5,5.4
132,Matthew Dellavedova,PG,26,MIL,76,54,26.1,2.7,7.0,0.39,1.0,2.8,0.36700000000000005,1.7,4.2,0.40399999999999997,0.46299999999999997,1.1,1.3,0.8540000000000001,0.3,1.6,1.9,4.7,0.7,0.0,1.8,2.0,7.6
133,Luol Deng,SF,31,LAL,56,49,26.5,2.9,7.6,0.387,0.9,2.9,0.309,2.0,4.6,0.436,0.447,0.8,1.1,0.73,1.1,4.1,5.3,1.3,0.9,0.4,0.8,1.1,7.6
134,DeMar DeRozan,SG,27,TOR,74,74,35.4,9.7,20.9,0.467,0.4,1.7,0.266,9.3,19.2,0.484,0.47700000000000004,7.4,8.7,0.8420000000000001,0.9,4.3,5.2,3.9,1.1,0.2,2.4,1.8,27.3
136,Boris Diaw,PF,34,UTA,73,33,17.6,2.0,4.5,0.446,0.3,1.1,0.247,1.7,3.4,0.512,0.47700000000000004,0.4,0.5,0.743,0.6,1.5,2.2,2.3,0.2,0.1,1.2,1.1,4.6
137,Gorgui Dieng,PF,27,MIN,82,82,32.4,4.0,8.1,0.502,0.2,0.5,0.37200000000000005,3.9,7.5,0.511,0.514,1.7,2.0,0.8140000000000001,2.3,5.6,7.9,1.9,1.1,1.2,1.3,3.1,10.0
138,Spencer Dinwiddie,PG,23,BRK,59,18,22.6,2.3,5.1,0.444,0.6,1.7,0.376,1.6,3.4,0.478,0.507,2.1,2.7,0.792,0.5,2.3,2.8,3.1,0.7,0.4,1.1,2.0,7.3
139,Toney Douglas,PG,30,MEM,24,0,16.4,1.8,4.9,0.368,0.3,1.8,0.16699999999999998,1.5,3.1,0.48,0.397,1.0,1.2,0.828,0.5,2.0,2.5,2.3,0.8,0.2,0.9,2.1,4.9
140,Goran Dragic,PG,30,MIA,73,73,33.7,7.3,15.4,0.475,1.6,4.0,0.405,5.7,11.4,0.499,0.527,4.1,5.2,0.79,0.8,3.0,3.8,5.8,1.2,0.2,2.9,2.7,20.3
141,Andre Drummond,C,23,DET,81,81,29.7,6.0,11.2,0.53,0.0,0.1,0.28600000000000003,5.9,11.2,0.532,0.531,1.7,4.4,0.386,4.3,9.5,13.8,1.1,1.5,1.1,1.9,2.9,13.6
142,Jared Dudley,PF,31,PHO,64,7,21.3,2.5,5.4,0.45399999999999996,1.2,3.2,0.379,1.3,2.2,0.5589999999999999,0.565,0.7,1.0,0.662,0.5,3.0,3.5,1.9,0.7,0.3,1.1,2.4,6.8
143,Mike Dunleavy,SF,36,TOT,53,2,15.9,1.8,4.2,0.423,1.0,2.5,0.396,0.8,1.6,0.465,0.5429999999999999,0.7,0.8,0.8,0.3,1.8,2.2,0.9,0.3,0.1,0.5,1.3,5.2
146,Kris Dunn,PG,22,MIN,78,7,17.1,1.5,4.0,0.377,0.3,0.9,0.28800000000000003,1.2,3.1,0.40399999999999997,0.41100000000000003,0.5,0.8,0.61,0.3,1.8,2.1,2.4,1.0,0.5,1.1,2.3,3.8
147,Kevin Durant,PF,28,GSW,62,62,33.4,8.9,16.5,0.537,1.9,5.0,0.375,7.0,11.5,0.608,0.594,5.4,6.2,0.875,0.6,7.6,8.3,4.8,1.1,1.6,2.2,1.9,25.1
151,Wayne Ellington,SG,29,MIA,62,13,24.2,3.7,9.0,0.41600000000000004,2.4,6.4,0.37799999999999995,1.3,2.6,0.509,0.55,0.6,0.7,0.86,0.3,1.8,2.1,1.1,0.6,0.1,0.5,1.1,10.5
152,Monta Ellis,SG,31,IND,74,33,27.0,3.3,7.5,0.44299999999999995,0.6,1.8,0.319,2.8,5.7,0.483,0.48200000000000004,1.3,1.7,0.727,0.3,2.5,2.8,3.2,1.1,0.4,1.8,2.0,8.5
153,Joel Embiid,C,22,PHI,31,31,25.4,6.5,13.8,0.466,1.2,3.2,0.36700000000000005,5.3,10.7,0.495,0.508,6.2,7.9,0.7829999999999999,2.0,5.9,7.8,2.1,0.9,2.5,3.8,3.6,20.2
154,James Ennis,SF,26,MEM,64,28,23.5,2.3,5.0,0.455,0.8,2.1,0.37200000000000005,1.5,2.9,0.516,0.534,1.3,1.7,0.782,1.1,3.0,4.0,1.0,0.7,0.3,0.9,2.6,6.7
158,Tyreke Evans,SF,27,TOT,40,6,19.7,3.8,9.3,0.405,1.1,3.0,0.35600000000000004,2.7,6.3,0.429,0.462,1.7,2.3,0.75,0.3,3.1,3.4,3.1,0.9,0.2,1.5,1.5,10.3
161,Dante Exum,PG,21,UTA,66,26,18.6,2.3,5.5,0.42700000000000005,0.7,2.3,0.295,1.7,3.2,0.519,0.488,0.9,1.1,0.795,0.5,1.5,2.0,1.7,0.3,0.2,1.2,2.2,6.2
162,Kenneth Faried,PF,27,DEN,61,34,21.2,3.7,6.8,0.5479999999999999,0.0,0.1,0.0,3.7,6.7,0.556,0.5479999999999999,2.1,3.1,0.693,3.0,4.6,7.6,0.9,0.7,0.7,1.0,2.0,9.6
163,Jordan Farmar,PG,30,SAC,2,0,17.5,2.0,6.0,0.33299999999999996,2.0,4.5,0.444,0.0,1.5,0.0,0.5,0.0,0.0,0.0,0.5,1.0,1.5,4.5,1.0,0.0,1.5,0.5,6.0
164,Derrick Favors,PF,25,UTA,50,39,23.7,4.1,8.3,0.48700000000000004,0.1,0.2,0.3,4.0,8.1,0.491,0.49,1.3,2.2,0.615,1.8,4.3,6.1,1.1,0.9,0.8,1.2,2.1,9.5
166,Cristiano Felicio,C,24,CHI,66,0,15.8,1.9,3.3,0.579,0.0,0.0,0.0,1.9,3.3,0.579,0.579,0.9,1.4,0.645,1.9,2.8,4.7,0.6,0.4,0.3,0.5,1.7,4.8
167,Raymond Felton,PG,32,LAC,80,11,21.3,2.8,6.4,0.43,0.6,1.8,0.319,2.2,4.6,0.473,0.475,0.6,0.8,0.7809999999999999,0.4,2.3,2.7,2.4,0.8,0.3,1.0,1.6,6.7
168,Yogi Ferrell,PG,23,TOT,46,29,26.0,3.5,8.6,0.406,1.5,3.8,0.386,2.0,4.7,0.42200000000000004,0.49200000000000005,1.6,1.9,0.831,0.4,2.0,2.4,3.7,0.9,0.2,1.5,2.0,10.0
171,Dorian Finney-Smith,PF,23,DAL,81,35,20.3,1.5,4.1,0.37200000000000005,0.7,2.4,0.293,0.8,1.8,0.479,0.456,0.6,0.8,0.754,0.7,2.1,2.7,0.8,0.6,0.3,0.6,1.5,4.3
173,Evan Fournier,SG,24,ORL,68,66,32.9,6.0,13.7,0.439,1.9,5.3,0.35600000000000004,4.1,8.4,0.491,0.508,3.3,4.1,0.805,0.6,2.4,3.1,3.0,1.0,0.1,2.1,2.6,17.2
174,Randy Foye,SG,33,BRK,69,40,18.6,1.7,4.7,0.363,1.0,2.9,0.33,0.7,1.8,0.418,0.466,0.8,0.9,0.857,0.1,2.1,2.2,2.0,0.5,0.1,1.2,1.4,5.2
175,Tim Frazier,PG,26,NOP,65,35,23.5,2.5,6.2,0.40299999999999997,0.6,2.0,0.313,1.9,4.2,0.446,0.45299999999999996,1.5,2.0,0.76,0.5,2.1,2.7,5.2,0.9,0.1,1.6,2.0,7.1
177,Channing Frye,C,33,CLE,74,15,18.9,3.2,7.0,0.45799999999999996,1.9,4.5,0.409,1.4,2.5,0.546,0.589,0.9,1.0,0.851,0.5,3.4,3.9,0.6,0.4,0.5,0.7,1.9,9.1
178,Danilo Gallinari,SF,28,DEN,63,63,33.9,5.3,11.9,0.447,2.0,5.1,0.389,3.3,6.8,0.491,0.531,5.5,6.1,0.902,0.6,4.5,5.2,2.1,0.6,0.2,1.3,1.5,18.2
179,Langston Galloway,PG,25,TOT,74,2,20.2,2.8,7.4,0.38,1.6,4.2,0.39,1.2,3.2,0.36700000000000005,0.49,0.7,0.9,0.797,0.4,1.7,2.1,1.3,0.6,0.1,0.6,1.3,7.9
183,Marc Gasol,C,32,MEM,74,74,34.2,7.2,15.7,0.45899999999999996,1.4,3.6,0.38799999999999996,5.8,12.1,0.48,0.503,3.8,4.5,0.8370000000000001,0.8,5.5,6.3,4.6,0.9,1.3,2.2,2.3,19.5
184,Pau Gasol,C,36,SAS,64,39,25.4,4.7,9.4,0.502,0.9,1.6,0.5379999999999999,3.9,7.8,0.494,0.5479999999999999,2.0,2.9,0.7070000000000001,1.7,6.2,7.8,2.3,0.4,1.1,1.3,1.7,12.4
185,Rudy Gay,SF,30,SAC,30,30,33.8,6.7,14.7,0.455,1.4,3.8,0.37200000000000005,5.3,11.0,0.483,0.502,3.9,4.6,0.855,1.2,5.2,6.3,2.8,1.5,0.9,2.5,2.6,18.7
188,Paul George,SF,26,IND,75,75,35.9,8.3,18.0,0.461,2.6,6.6,0.39299999999999996,5.7,11.4,0.501,0.534,4.5,5.0,0.898,0.8,5.8,6.6,3.3,1.6,0.4,2.9,2.7,23.7
191,Taj Gibson,PF,31,TOT,78,71,25.5,4.7,9.1,0.515,0.0,0.2,0.231,4.6,8.9,0.52,0.517,1.4,2.0,0.715,2.0,4.2,6.2,0.9,0.5,0.8,1.3,2.1,10.8
194,Manu Ginobili,SG,39,SAS,69,0,18.7,2.5,6.4,0.39,1.3,3.3,0.392,1.2,3.1,0.387,0.491,1.2,1.6,0.804,0.4,1.9,2.3,2.7,1.2,0.2,1.4,1.7,7.5
195,Rudy Gobert,C,24,UTA,81,81,33.9,5.1,7.7,0.6609999999999999,0.0,0.0,0.0,5.1,7.7,0.662,0.6609999999999999,3.8,5.9,0.653,3.9,8.9,12.8,1.2,0.6,2.6,1.8,3.0,14.0
199,Aaron Gordon,SF,21,ORL,80,72,28.7,4.9,10.8,0.45399999999999996,1.0,3.3,0.28800000000000003,4.0,7.5,0.528,0.499,2.0,2.7,0.7190000000000001,1.5,3.6,5.1,1.9,0.8,0.5,1.1,2.2,12.7
200,Eric Gordon,SG,28,HOU,75,15,31.0,5.5,13.5,0.406,3.3,8.8,0.37200000000000005,2.2,4.7,0.46799999999999997,0.527,2.0,2.3,0.84,0.4,2.3,2.7,2.5,0.6,0.5,1.6,2.0,16.2
201,Marcin Gortat,C,32,WAS,82,82,31.2,4.8,8.2,0.579,0.0,0.0,0.0,4.8,8.2,0.58,0.579,1.3,1.9,0.648,2.9,7.5,10.4,1.5,0.5,0.7,1.5,2.6,10.8
204,Jerami Grant,PF,22,TOT,80,4,19.1,1.9,4.1,0.46299999999999997,0.5,1.5,0.371,1.4,2.7,0.514,0.529,1.1,1.8,0.612,0.5,2.1,2.6,0.6,0.4,1.0,0.6,1.9,5.5
207,Jerian Grant,PG,24,CHI,63,28,16.3,2.0,4.8,0.425,0.8,2.1,0.366,1.3,2.7,0.473,0.507,1.0,1.2,0.89,0.3,1.5,1.8,1.9,0.7,0.1,0.7,1.5,5.9
208,Danny Green,SG,29,SAS,68,68,26.6,2.6,6.6,0.392,1.7,4.6,0.379,0.9,2.0,0.42,0.523,0.4,0.5,0.8440000000000001,0.5,2.8,3.3,1.8,1.0,0.8,1.1,1.8,7.3
209,Draymond Green,PF,26,GSW,76,76,32.5,3.6,8.6,0.418,1.1,3.5,0.308,2.5,5.1,0.494,0.48100000000000004,2.0,2.8,0.7090000000000001,1.3,6.6,7.9,7.0,2.0,1.4,2.4,2.9,10.2
211,JaMychal Green,PF,26,MEM,77,75,27.3,3.2,6.5,0.5,0.7,1.9,0.379,2.5,4.6,0.5489999999999999,0.555,1.7,2.2,0.802,2.2,4.9,7.1,1.1,0.6,0.4,1.2,3.2,8.9
212,Jeff Green,PF,30,ORL,69,11,22.2,3.2,8.1,0.39399999999999996,0.8,2.8,0.275,2.4,5.3,0.45799999999999996,0.442,2.1,2.4,0.863,0.6,2.5,3.1,1.2,0.5,0.2,1.1,1.5,9.2
213,Blake Griffin,PF,27,LAC,61,61,34.0,7.9,15.9,0.493,0.6,1.9,0.336,7.2,14.1,0.514,0.513,5.2,6.9,0.76,1.8,6.3,8.1,4.9,0.9,0.4,2.3,2.6,21.6
214,Justin Hamilton,C,26,BRK,64,7,18.4,2.7,5.9,0.45899999999999996,0.9,2.8,0.306,1.9,3.1,0.598,0.532,0.6,0.8,0.75,1.1,3.0,4.1,0.9,0.5,0.7,0.7,1.4,6.9
216,Tim Hardaway,SG,24,ATL,79,30,27.3,5.3,11.5,0.455,1.9,5.3,0.35700000000000004,3.4,6.3,0.537,0.537,2.1,2.7,0.7659999999999999,0.4,2.4,2.8,2.3,0.7,0.2,1.3,1.3,14.5
217,James Harden,PG,27,HOU,81,81,36.4,8.3,18.9,0.44,3.2,9.3,0.34700000000000003,5.1,9.6,0.53,0.525,9.2,10.9,0.847,1.2,7.0,8.1,11.2,1.5,0.5,5.7,2.7,29.1
218,Maurice Harkless,SF,23,POR,77,69,28.9,4.1,8.1,0.503,0.9,2.5,0.35100000000000003,3.2,5.6,0.5720000000000001,0.5579999999999999,1.0,1.6,0.621,1.6,2.8,4.4,1.1,1.1,0.9,1.1,2.8,10.0
220,Montrezl Harrell,C,23,HOU,58,14,18.3,3.9,5.9,0.652,0.0,0.1,0.14300000000000002,3.9,5.8,0.6629999999999999,0.654,1.3,2.1,0.628,1.4,2.4,3.8,1.1,0.3,0.7,0.8,2.2,9.1
221,Devin Harris,PG,33,DAL,65,0,16.7,2.1,5.2,0.39899999999999997,0.9,2.7,0.32799999999999996,1.2,2.5,0.47600000000000003,0.484,1.6,2.0,0.8290000000000001,0.2,1.8,2.0,2.1,0.7,0.1,0.9,1.6,6.7
222,Gary Harris,SG,22,DEN,57,56,31.3,5.6,11.2,0.502,1.9,4.5,0.42,3.7,6.7,0.5579999999999999,0.586,1.8,2.4,0.7759999999999999,0.8,2.3,3.1,2.9,1.2,0.1,1.3,1.6,14.9
223,Joe Harris,SG,25,BRK,52,11,21.9,3.0,7.0,0.425,1.6,4.3,0.385,1.3,2.7,0.489,0.5429999999999999,0.7,0.9,0.7140000000000001,0.3,2.5,2.8,1.0,0.6,0.2,1.1,2.3,8.2
225,Tobias Harris,PF,24,DET,82,48,31.3,6.2,13.0,0.48100000000000004,1.3,3.8,0.34700000000000003,4.9,9.1,0.537,0.532,2.3,2.8,0.841,0.8,4.3,5.1,1.7,0.7,0.5,1.2,1.6,16.1
228,Andrew Harrison,PG,22,MEM,72,18,20.5,1.6,5.0,0.325,0.6,2.2,0.276,1.0,2.8,0.363,0.385,2.1,2.7,0.763,0.3,1.6,1.9,2.8,0.7,0.3,1.2,2.7,5.9
233,Gordon Hayward,SF,26,UTA,73,73,34.5,7.5,15.8,0.47100000000000003,2.0,5.1,0.39799999999999996,5.4,10.7,0.506,0.536,5.0,5.9,0.8440000000000001,0.7,4.7,5.4,3.5,1.0,0.3,1.9,1.6,21.9
234,Gerald Henderson,SG,29,PHI,72,41,23.2,3.3,7.7,0.423,0.8,2.4,0.353,2.4,5.3,0.455,0.478,1.8,2.3,0.8059999999999999,0.5,2.1,2.6,1.6,0.6,0.2,0.9,1.8,9.2
235,John Henson,C,26,MIL,58,39,19.4,2.7,5.3,0.515,0.0,0.0,0.0,2.7,5.3,0.516,0.515,1.3,1.8,0.6920000000000001,1.6,3.5,5.1,1.0,0.5,1.3,0.9,2.6,6.8
237,Willy Hernangomez,C,22,NYK,72,22,18.4,3.4,6.5,0.529,0.1,0.2,0.267,3.4,6.3,0.5379999999999999,0.5329999999999999,1.3,1.7,0.728,2.4,4.6,7.0,1.3,0.6,0.5,1.4,2.1,8.2
242,Buddy Hield,SG,23,TOT,82,55,23.0,4.0,9.4,0.426,1.8,4.6,0.391,2.2,4.7,0.461,0.523,0.8,0.9,0.8420000000000001,0.4,2.9,3.3,1.5,0.5,0.1,1.2,1.4,10.6
245,Nene Hilario,C,34,HOU,67,8,17.9,3.7,5.9,0.617,0.0,0.1,0.33299999999999996,3.6,5.8,0.624,0.621,1.7,2.9,0.589,1.4,2.8,4.2,1.0,0.8,0.6,1.1,2.4,9.1
246,George Hill,PG,30,UTA,49,49,31.5,5.9,12.4,0.47700000000000004,1.9,4.8,0.40299999999999997,4.0,7.6,0.523,0.5539999999999999,3.2,4.0,0.8009999999999999,0.5,2.9,3.4,4.2,1.0,0.2,1.7,2.3,16.9
248,Solomon Hill,SF,25,NOP,80,71,29.7,2.3,6.0,0.38299999999999995,1.2,3.4,0.348,1.1,2.6,0.428,0.48100000000000004,1.3,1.6,0.805,0.6,3.2,3.8,1.8,0.9,0.4,1.0,2.3,7.0
250,Jrue Holiday,PG,26,NOP,67,61,32.7,6.0,13.3,0.45399999999999996,1.5,4.2,0.35600000000000004,4.6,9.1,0.498,0.51,1.8,2.5,0.708,0.7,3.3,3.9,7.3,1.5,0.7,2.9,2.0,15.4
251,Justin Holiday,SG,27,NYK,82,4,20.0,2.8,6.6,0.433,1.2,3.3,0.355,1.7,3.2,0.513,0.523,0.8,1.0,0.825,0.3,2.4,2.7,1.2,0.8,0.4,0.8,1.3,7.7
252,Rondae Hollis-Jefferson,SF,22,BRK,78,50,22.6,3.0,6.9,0.434,0.2,0.9,0.22399999999999998,2.8,6.1,0.46299999999999997,0.447,2.4,3.2,0.7509999999999999,1.2,4.6,5.8,2.0,1.1,0.6,1.5,2.3,8.7
254,Richaun Holmes,C,23,PHI,57,17,20.9,4.0,7.2,0.5579999999999999,0.5,1.4,0.35100000000000003,3.6,5.9,0.606,0.591,1.3,1.8,0.6990000000000001,1.6,3.8,5.5,1.0,0.7,1.0,1.0,2.4,9.8
255,Rodney Hood,SG,24,UTA,59,55,27.0,4.6,11.3,0.408,1.9,5.2,0.371,2.7,6.1,0.44,0.494,1.5,1.9,0.7829999999999999,0.3,3.2,3.4,1.6,0.6,0.2,1.1,2.2,12.7
256,Al Horford,C,30,BOS,68,68,32.3,5.6,11.8,0.473,1.3,3.6,0.355,4.3,8.2,0.524,0.527,1.6,2.0,0.8,1.4,5.4,6.8,5.0,0.8,1.3,1.7,2.0,14.0
258,Dwight Howard,C,31,ATL,74,74,29.7,5.2,8.3,0.633,0.0,0.0,0.0,5.2,8.3,0.635,0.633,3.1,5.7,0.5329999999999999,4.0,8.7,12.7,1.4,0.9,1.2,2.3,2.7,13.5
260,Josh Huestis,PF,25,OKC,2,0,15.5,3.0,5.5,0.545,1.0,2.0,0.5,2.0,3.5,0.5710000000000001,0.636,0.0,0.5,0.0,2.0,2.5,4.5,1.5,0.0,1.5,0.0,0.0,7.0
263,Serge Ibaka,PF,27,TOT,79,79,30.7,6.0,12.4,0.48,1.6,4.0,0.391,4.4,8.4,0.522,0.5429999999999999,1.4,1.6,0.856,1.6,5.2,6.8,0.9,0.5,1.6,1.3,2.7,14.8
266,Andre Iguodala,SF,33,GSW,76,0,26.3,2.9,5.5,0.528,0.8,2.3,0.36200000000000004,2.0,3.1,0.6509999999999999,0.605,0.9,1.3,0.706,0.7,3.3,4.0,3.4,1.0,0.5,0.8,1.3,7.6
267,Ersan Ilyasova,PF,29,TOT,82,52,26.1,4.7,10.9,0.431,1.7,4.9,0.353,3.0,6.0,0.496,0.511,2.0,2.5,0.778,1.4,4.5,5.9,1.7,0.7,0.3,1.4,2.6,13.1
271,Joe Ingles,SF,29,UTA,82,26,24.0,2.5,5.5,0.452,1.5,3.4,0.441,1.0,2.1,0.47100000000000003,0.589,0.6,0.8,0.735,0.3,2.9,3.2,2.7,1.2,0.1,1.3,2.0,7.1
272,Brandon Ingram,SF,19,LAL,79,40,28.8,3.5,8.7,0.402,0.7,2.4,0.294,2.8,6.3,0.44299999999999995,0.442,1.7,2.7,0.621,0.8,3.2,4.0,2.1,0.6,0.5,1.5,2.0,9.4
273,Kyrie Irving,PG,24,CLE,72,72,35.1,9.3,19.7,0.473,2.5,6.1,0.401,6.9,13.6,0.505,0.535,4.1,4.6,0.905,0.7,2.5,3.2,5.8,1.2,0.3,2.5,2.2,25.2
274,Jarrett Jack,PG,33,NOP,2,0,16.5,1.0,1.5,0.667,0.0,0.5,0.0,1.0,1.0,1.0,0.667,1.0,1.0,1.0,0.0,0.0,0.0,2.5,1.0,0.0,1.5,2.0,3.0
277,Reggie Jackson,PG,26,DET,52,50,27.4,5.5,13.0,0.419,1.3,3.5,0.359,4.2,9.5,0.442,0.46799999999999997,2.3,2.6,0.868,0.4,1.8,2.2,5.2,0.7,0.1,2.2,2.5,14.5
278,LeBron James,SF,32,CLE,74,74,37.8,9.9,18.2,0.5479999999999999,1.7,4.6,0.363,8.3,13.5,0.611,0.594,4.8,7.2,0.674,1.3,7.3,8.6,8.7,1.2,0.6,4.1,1.8,26.4
281,Richard Jefferson,SF,36,CLE,79,13,20.4,1.9,4.3,0.446,0.8,2.4,0.33299999999999996,1.2,2.0,0.58,0.536,1.0,1.4,0.741,0.4,2.2,2.6,1.0,0.3,0.1,0.7,1.9,5.7
283,Brandon Jennings,PG,27,TOT,81,13,22.2,2.4,6.6,0.359,1.0,3.1,0.313,1.4,3.5,0.39899999999999997,0.433,1.4,1.9,0.75,0.4,2.1,2.4,4.9,0.9,0.0,1.6,1.4,7.1
286,Jonas Jerebko,PF,29,BOS,78,6,15.8,1.5,3.4,0.435,0.6,1.7,0.34600000000000003,0.9,1.7,0.523,0.521,0.3,0.5,0.703,0.8,2.7,3.5,0.9,0.3,0.2,0.5,1.6,3.8
287,Amir Johnson,PF,29,BOS,80,77,20.1,2.7,4.6,0.5760000000000001,0.3,0.8,0.409,2.3,3.8,0.612,0.612,0.8,1.3,0.67,1.5,3.1,4.6,1.8,0.6,0.8,1.0,2.6,6.5
289,James Johnson,PF,29,MIA,76,5,27.4,4.8,10.1,0.479,1.1,3.4,0.34,3.7,6.8,0.5479999999999999,0.535,2.0,2.8,0.7070000000000001,0.9,4.1,4.9,3.6,1.0,1.1,2.3,2.6,12.8
290,Joe Johnson,SF,35,UTA,78,14,23.6,3.5,8.0,0.436,1.4,3.3,0.41100000000000003,2.1,4.7,0.45399999999999996,0.521,0.8,1.0,0.818,0.4,2.7,3.1,1.8,0.5,0.2,0.9,1.2,9.2
291,Stanley Johnson,SF,20,DET,77,1,17.8,1.7,4.7,0.353,0.6,2.0,0.292,1.1,2.7,0.39799999999999996,0.415,0.5,0.7,0.679,0.5,2.0,2.5,1.4,0.7,0.3,0.9,1.6,4.4
292,Tyler Johnson,PG,24,MIA,73,0,29.8,4.9,11.3,0.433,1.3,3.4,0.37200000000000005,3.6,7.9,0.46,0.49,2.7,3.5,0.768,0.7,3.3,4.0,3.2,1.2,0.6,1.2,2.4,13.7
294,Nikola Jokic,C,21,DEN,73,59,27.9,6.8,11.7,0.578,0.6,1.9,0.324,6.2,9.8,0.628,0.605,2.6,3.1,0.825,2.9,6.9,9.8,4.9,0.8,0.8,2.3,2.9,16.7
297,Derrick Jones,SF,19,PHO,32,8,17.0,2.1,3.8,0.562,0.1,0.3,0.273,2.0,3.4,0.591,0.574,0.9,1.3,0.7070000000000001,1.2,1.3,2.5,0.4,0.4,0.4,0.4,2.0,5.3
299,Terrence Jones,PF,25,TOT,54,12,23.5,4.3,9.1,0.47,0.4,1.4,0.253,3.9,7.7,0.508,0.489,1.9,3.1,0.606,1.2,4.5,5.7,1.1,0.7,1.0,0.9,1.2,10.8
303,DeAndre Jordan,C,28,LAC,81,81,31.7,5.1,7.1,0.7140000000000001,0.0,0.0,0.0,5.1,7.1,0.7170000000000001,0.7140000000000001,2.5,5.2,0.48200000000000004,3.7,10.1,13.8,1.2,0.6,1.7,1.4,2.6,12.7
305,Cory Joseph,PG,25,TOR,80,22,25.0,3.7,8.3,0.452,0.6,1.7,0.35600000000000004,3.1,6.6,0.47700000000000004,0.489,1.2,1.5,0.77,0.6,2.3,2.9,3.3,0.8,0.2,1.4,1.8,9.3
306,Frank Kaminsky,C,23,CHO,75,16,26.1,4.3,10.7,0.39899999999999997,1.5,4.7,0.32799999999999996,2.7,6.0,0.455,0.47100000000000003,1.6,2.1,0.7559999999999999,0.8,3.7,4.5,2.2,0.6,0.5,1.0,1.9,11.7
307,Enes Kanter,C,24,OKC,72,0,21.3,5.6,10.2,0.545,0.1,0.5,0.132,5.5,9.7,0.568,0.5489999999999999,3.1,4.0,0.7859999999999999,2.7,4.0,6.7,0.9,0.4,0.5,1.7,2.1,14.3
309,Michael Kidd-Gilchrist,SF,23,CHO,81,81,29.0,3.6,7.6,0.47700000000000004,0.0,0.1,0.111,3.6,7.5,0.483,0.478,1.9,2.4,0.784,1.9,5.0,7.0,1.4,1.0,1.0,0.7,2.3,9.2
310,Sean Kilpatrick,SG,27,BRK,70,24,25.1,4.4,10.5,0.415,1.5,4.4,0.341,2.9,6.1,0.46799999999999997,0.486,2.9,3.5,0.843,0.3,3.7,4.0,2.2,0.6,0.1,1.9,1.7,13.1
311,Brandon Knight,SG,25,PHO,54,5,21.1,3.9,9.7,0.39799999999999996,0.8,2.6,0.324,3.0,7.1,0.425,0.441,2.4,2.9,0.857,0.5,1.7,2.2,2.4,0.5,0.1,1.6,1.6,11.0
312,Kyle Korver,SG,35,TOT,67,22,26.2,3.6,7.7,0.46399999999999997,2.4,5.4,0.451,1.1,2.3,0.494,0.621,0.6,0.6,0.905,0.1,2.7,2.8,1.6,0.5,0.3,1.0,1.6,10.1
315,Kosta Koufos,C,27,SAC,71,62,20.0,3.0,5.5,0.551,0.0,0.0,0.0,3.0,5.5,0.552,0.551,0.5,0.9,0.613,1.7,4.0,5.7,0.7,0.5,0.7,0.9,2.4,6.6
317,Skal Labissiere,PF,20,SAC,33,12,18.5,3.5,6.6,0.537,0.1,0.2,0.375,3.5,6.4,0.5429999999999999,0.544,1.6,2.2,0.703,1.5,3.4,4.9,0.8,0.5,0.4,1.1,1.9,8.8
318,Jeremy Lamb,SG,24,CHO,62,5,18.4,3.6,7.9,0.46,0.7,2.4,0.281,3.0,5.6,0.536,0.502,1.8,2.1,0.853,0.5,3.8,4.3,1.2,0.4,0.4,0.6,1.6,9.7
323,Zach LaVine,SG,21,MIN,47,47,37.2,6.9,15.1,0.45899999999999996,2.6,6.6,0.387,4.4,8.5,0.515,0.544,2.5,3.0,0.836,0.4,3.0,3.4,3.0,0.9,0.2,1.8,2.2,18.9
324,Ty Lawson,PG,29,SAC,69,24,25.1,3.4,7.6,0.45399999999999996,0.5,1.7,0.28800000000000003,2.9,5.9,0.502,0.48700000000000004,2.5,3.1,0.797,0.6,2.0,2.6,4.8,1.1,0.1,1.9,1.7,9.9
326,Courtney Lee,SG,31,NYK,77,74,31.9,4.2,9.1,0.456,1.4,3.5,0.401,2.8,5.6,0.49,0.5329999999999999,1.1,1.3,0.867,0.7,2.7,3.4,2.3,1.1,0.3,0.9,1.8,10.8
327,David Lee,PF,33,SAS,79,10,18.7,3.1,5.3,0.59,0.0,0.0,0.0,3.1,5.3,0.59,0.59,1.0,1.4,0.708,1.9,3.7,5.6,1.6,0.4,0.5,1.0,1.6,7.3
328,Alex Len,C,23,PHO,77,34,20.3,3.0,6.0,0.49700000000000005,0.0,0.2,0.25,2.9,5.9,0.503,0.5,1.9,2.7,0.721,2.0,4.6,6.6,0.6,0.5,1.3,1.3,3.1,8.0
330,Kawhi Leonard,SF,25,SAS,74,74,33.4,8.6,17.7,0.485,2.0,5.2,0.38,6.6,12.5,0.529,0.541,6.3,7.2,0.88,1.1,4.7,5.8,3.5,1.8,0.7,2.1,1.6,25.5
331,Meyers Leonard,PF,24,POR,74,12,16.5,2.0,5.1,0.386,1.0,2.9,0.34700000000000003,1.0,2.2,0.436,0.484,0.5,0.5,0.875,0.4,2.8,3.2,1.0,0.2,0.4,0.5,2.3,5.4
332,Jon Leuer,PF,27,DET,75,34,25.9,4.1,8.6,0.48,0.7,2.2,0.293,3.5,6.4,0.545,0.518,1.3,1.5,0.867,1.4,4.0,5.4,1.5,0.4,0.3,0.9,1.9,10.2
333,Caris LeVert,SF,22,BRK,57,26,21.7,3.0,6.7,0.45,1.0,3.2,0.321,2.0,3.4,0.5710000000000001,0.528,1.2,1.6,0.72,0.4,2.9,3.3,1.9,0.9,0.1,1.0,1.6,8.2
337,Damian Lillard,PG,26,POR,75,75,35.9,8.8,19.8,0.444,2.9,7.7,0.37,6.0,12.1,0.49200000000000005,0.516,6.5,7.3,0.895,0.6,4.3,4.9,5.9,0.9,0.3,2.6,2.0,27.0
338,Jeremy Lin,PG,28,BRK,36,33,24.5,4.9,11.1,0.43799999999999994,1.6,4.3,0.37200000000000005,3.3,6.8,0.48,0.51,3.2,3.9,0.816,0.3,3.4,3.8,5.1,1.2,0.4,2.4,2.2,14.5
339,Shaun Livingston,PG,31,GSW,76,3,17.7,2.3,4.2,0.547,0.0,0.0,0.33299999999999996,2.3,4.1,0.55,0.5489999999999999,0.6,0.8,0.7,0.4,1.6,2.0,1.8,0.5,0.3,0.8,1.6,5.1
342,Brook Lopez,C,28,BRK,75,75,29.6,7.4,15.6,0.474,1.8,5.2,0.34600000000000003,5.6,10.5,0.536,0.531,3.9,4.9,0.81,1.6,3.8,5.4,2.3,0.5,1.7,2.5,2.6,20.5
343,Robin Lopez,C,28,CHI,81,81,28.0,4.7,9.6,0.493,0.0,0.0,0.0,4.7,9.5,0.494,0.493,0.9,1.3,0.721,3.0,3.4,6.4,1.0,0.2,1.4,1.1,1.9,10.4
344,Kevin Love,PF,28,CLE,60,60,31.4,6.2,14.5,0.42700000000000005,2.4,6.5,0.373,3.8,8.0,0.47100000000000003,0.51,4.3,4.9,0.871,2.5,8.6,11.1,1.9,0.9,0.4,2.0,2.1,19.0
345,Kyle Lowry,PG,30,TOR,60,60,37.4,7.1,15.3,0.46399999999999997,3.2,7.8,0.41200000000000003,3.9,7.5,0.518,0.569,5.0,6.1,0.8190000000000001,0.8,4.0,4.8,7.0,1.5,0.3,2.9,2.8,22.4
347,Timothe Luwawu-Cabarrot,SF,21,PHI,69,19,17.2,2.1,5.2,0.402,0.7,2.3,0.311,1.4,2.9,0.475,0.47100000000000003,1.5,1.8,0.8540000000000001,0.4,1.8,2.2,1.1,0.5,0.1,1.1,2.2,6.4
348,Trey Lyles,PF,21,UTA,71,4,16.3,2.2,6.2,0.36200000000000004,0.9,2.9,0.319,1.3,3.3,0.4,0.436,0.8,1.1,0.722,0.7,2.6,3.3,1.0,0.4,0.3,0.9,1.4,6.2
350,Shelvin Mack,PG,26,UTA,55,9,21.9,3.1,6.9,0.446,0.7,2.2,0.308,2.4,4.7,0.51,0.495,1.0,1.4,0.688,0.4,1.9,2.3,2.8,0.8,0.1,1.6,1.8,7.8
351,Ian Mahinmi,C,30,WAS,31,0,17.9,2.1,3.6,0.586,0.0,0.0,0.0,2.1,3.6,0.586,0.586,1.4,2.4,0.573,1.5,3.3,4.8,0.6,1.1,0.8,1.1,2.9,5.6
356,Wesley Matthews,SG,30,DAL,73,73,34.2,4.6,11.6,0.39299999999999996,2.4,6.6,0.363,2.2,5.0,0.43200000000000005,0.496,2.0,2.5,0.816,0.2,3.3,3.5,2.9,1.1,0.2,1.4,2.2,13.5
357,Luc Mbah a Moute,SF,30,LAC,80,76,22.3,2.4,4.7,0.505,0.5,1.4,0.391,1.9,3.4,0.552,0.562,0.7,1.1,0.6779999999999999,0.6,1.6,2.1,0.5,1.0,0.4,0.6,1.5,6.1
359,Patrick McCaw,SG,21,GSW,71,20,15.1,1.5,3.5,0.433,0.6,1.7,0.33299999999999996,0.9,1.7,0.5329999999999999,0.516,0.4,0.5,0.784,0.3,1.1,1.4,1.1,0.5,0.2,0.5,0.9,4.0
360,CJ McCollum,SG,25,POR,80,80,35.0,8.7,18.0,0.48,2.3,5.5,0.42100000000000004,6.3,12.5,0.506,0.544,3.4,3.7,0.912,0.8,2.9,3.6,3.6,0.9,0.5,2.2,2.5,23.0
361,T.J. McConnell,PG,24,PHI,81,51,26.3,2.9,6.3,0.461,0.1,0.7,0.2,2.8,5.6,0.49200000000000005,0.47200000000000003,0.9,1.1,0.8109999999999999,0.5,2.6,3.1,6.6,1.7,0.1,2.0,1.7,6.9
368,Doug McDermott,SF,25,TOT,66,5,22.8,3.4,7.5,0.447,1.2,3.2,0.37,2.2,4.4,0.502,0.524,1.1,1.3,0.845,0.3,2.4,2.7,0.9,0.2,0.1,0.6,1.2,9.0
372,Rodney McGruder,SG,25,MIA,78,65,25.2,2.4,5.9,0.413,0.9,2.8,0.332,1.5,3.1,0.488,0.49200000000000005,0.6,0.9,0.62,1.2,2.1,3.3,1.6,0.6,0.2,0.7,1.8,6.4
373,Ben McLemore,SG,23,SAC,61,26,19.3,3.0,6.9,0.43,1.1,2.8,0.382,1.9,4.1,0.462,0.507,1.1,1.5,0.753,0.3,1.8,2.1,0.8,0.5,0.1,1.0,1.8,8.1
375,Josh McRoberts,PF,29,MIA,22,14,17.3,2.0,5.4,0.373,0.6,1.4,0.419,1.4,4.0,0.35600000000000004,0.428,0.3,0.4,0.667,1.0,2.3,3.4,2.3,0.5,0.2,1.0,1.4,4.9
376,Jodie Meeks,SG,29,ORL,36,10,20.5,2.9,7.1,0.402,1.6,3.8,0.409,1.3,3.3,0.395,0.512,1.8,2.1,0.878,0.1,2.0,2.1,1.3,0.9,0.1,1.0,1.1,9.1
380,Khris Middleton,SF,25,MIL,29,23,30.7,5.2,11.5,0.45,1.6,3.6,0.433,3.6,7.9,0.45899999999999996,0.518,2.8,3.2,0.88,0.4,3.9,4.2,3.4,1.4,0.2,2.2,2.7,14.7
381,C.J. Miles,SF,29,IND,76,29,23.4,3.7,8.5,0.434,2.2,5.4,0.413,1.5,3.1,0.47100000000000003,0.565,1.1,1.2,0.903,0.4,2.6,3.0,0.6,0.6,0.3,0.5,2.0,10.7
383,Patty Mills,PG,28,SAS,80,8,21.9,3.4,7.8,0.44,1.8,4.4,0.414,1.6,3.3,0.474,0.5579999999999999,0.8,1.0,0.825,0.3,1.5,1.8,3.5,0.8,0.0,1.3,1.4,9.5
385,Paul Millsap,PF,31,ATL,69,67,34.0,6.2,14.1,0.442,1.1,3.5,0.311,5.1,10.6,0.486,0.48100000000000004,4.5,5.9,0.768,1.6,6.1,7.7,3.7,1.3,0.9,2.3,2.7,18.1
386,Nikola Mirotic,PF,25,CHI,70,15,24.0,3.7,8.9,0.413,1.8,5.4,0.342,1.8,3.5,0.52,0.516,1.4,1.8,0.773,0.9,4.6,5.5,1.1,0.8,0.8,1.1,1.8,10.6
387,Greg Monroe,C,26,MIL,81,0,22.5,4.8,9.0,0.5329999999999999,0.0,0.0,0.0,4.8,8.9,0.536,0.5329999999999999,2.2,3.0,0.741,2.1,4.5,6.6,2.3,1.1,0.5,1.7,2.1,11.7
388,E'Twaun Moore,SG,27,NOP,73,22,24.9,3.9,8.5,0.457,1.1,2.8,0.37,2.8,5.6,0.501,0.519,0.8,1.0,0.77,0.5,1.6,2.1,2.2,0.7,0.4,0.8,1.8,9.6
389,Marcus Morris,SF,27,DET,79,79,32.5,5.3,12.7,0.418,1.5,4.5,0.331,3.8,8.2,0.466,0.47700000000000004,1.8,2.3,0.784,1.0,3.7,4.6,2.0,0.7,0.3,1.1,2.1,14.0
390,Markieff Morris,PF,27,WAS,76,76,31.2,5.3,11.7,0.457,0.9,2.6,0.36200000000000004,4.4,9.1,0.483,0.49700000000000005,2.4,2.8,0.8370000000000001,1.4,5.1,6.5,1.7,1.1,0.6,1.7,3.3,14.0
395,Timofey Mozgov,C,30,LAL,54,52,20.4,3.1,6.1,0.515,0.0,0.0,0.0,3.1,6.1,0.517,0.515,1.2,1.4,0.8079999999999999,1.9,3.0,4.9,0.8,0.3,0.6,1.3,2.5,7.4
396,Emmanuel Mudiay,PG,20,DEN,55,41,25.6,3.8,10.0,0.377,1.0,3.2,0.315,2.8,6.8,0.408,0.428,2.4,3.0,0.784,0.5,2.7,3.2,3.9,0.7,0.2,2.2,1.7,11.0
397,Shabazz Muhammad,SF,24,MIN,78,1,19.4,3.7,7.7,0.48200000000000004,0.6,1.9,0.33799999999999997,3.1,5.8,0.528,0.523,1.9,2.4,0.774,1.1,1.7,2.8,0.4,0.3,0.1,0.7,1.1,9.9
399,Jamal Murray,SG,19,DEN,82,10,21.5,3.6,8.9,0.40399999999999997,1.4,4.2,0.33399999999999996,2.2,4.7,0.466,0.483,1.3,1.5,0.883,0.5,2.1,2.6,2.1,0.6,0.3,1.4,1.5,9.9
400,Mike Muscala,C,25,ATL,70,3,17.7,2.4,4.8,0.504,0.7,1.6,0.418,1.8,3.2,0.546,0.573,0.7,0.9,0.7659999999999999,1.1,2.3,3.4,1.4,0.4,0.6,0.8,1.4,6.2
401,Larry Nance,PF,24,LAL,63,7,22.9,3.0,5.7,0.526,0.2,0.6,0.278,2.9,5.2,0.5539999999999999,0.54,0.9,1.3,0.738,1.9,4.0,5.9,1.5,1.3,0.6,0.9,2.4,7.1
406,Jameer Nelson,PG,34,DEN,75,39,27.3,3.6,8.1,0.444,1.4,3.6,0.38799999999999996,2.2,4.4,0.489,0.531,0.6,0.8,0.7140000000000001,0.4,2.2,2.6,5.1,0.7,0.1,1.7,2.6,9.2
412,Joakim Noah,C,31,NYK,46,46,22.1,2.2,4.4,0.49,0.0,0.0,0.0,2.2,4.4,0.493,0.49,0.7,1.7,0.436,3.5,5.2,8.8,2.2,0.7,0.8,1.3,2.8,5.0
413,Nerlens Noel,C,22,TOT,51,19,20.5,3.6,6.1,0.595,0.0,0.0,0.0,3.6,6.0,0.597,0.595,1.5,2.2,0.6940000000000001,1.8,3.9,5.8,1.0,1.3,1.0,1.0,2.5,8.7
416,Lucas Nogueira,C,24,TOR,57,6,19.1,1.8,2.7,0.66,0.1,0.2,0.25,1.8,2.5,0.6940000000000001,0.67,0.8,1.2,0.657,1.4,2.8,4.3,0.7,0.9,1.6,0.8,2.4,4.4
418,Dirk Nowitzki,PF,38,DAL,54,54,26.4,5.5,12.6,0.43700000000000006,1.5,3.9,0.37799999999999995,4.0,8.7,0.46299999999999997,0.495,1.8,2.1,0.875,0.4,6.1,6.5,1.5,0.6,0.7,0.9,2.1,14.2
419,Jusuf Nurkic,C,22,TOT,65,48,21.4,4.2,8.2,0.507,0.0,0.0,0.0,4.2,8.2,0.508,0.507,1.8,3.2,0.5710000000000001,2.4,4.8,7.2,1.9,0.8,1.1,2.2,2.5,10.2
422,David Nwaba,SG,24,LAL,20,2,19.9,2.4,4.1,0.58,0.1,0.3,0.2,2.3,3.8,0.605,0.586,1.3,2.0,0.6409999999999999,0.9,2.3,3.2,0.7,0.7,0.4,0.6,1.8,6.0
426,Kyle O'Quinn,C,26,NYK,79,8,15.6,2.7,5.2,0.521,0.0,0.2,0.11800000000000001,2.7,5.0,0.5379999999999999,0.523,0.8,1.1,0.7709999999999999,2.0,3.6,5.6,1.5,0.5,1.3,1.0,2.2,6.3
428,Jahlil Okafor,C,21,PHI,50,33,22.7,4.8,9.4,0.514,0.0,0.0,0.0,4.8,9.4,0.514,0.514,2.1,3.2,0.6709999999999999,1.6,3.2,4.8,1.2,0.4,1.0,1.8,2.4,11.8
429,Victor Oladipo,SG,24,OKC,67,67,33.2,6.1,13.9,0.442,1.9,5.3,0.361,4.3,8.7,0.491,0.51,1.7,2.3,0.753,0.6,3.8,4.3,2.6,1.2,0.3,1.8,2.3,15.9
430,Kelly Olynyk,C,25,BOS,75,6,20.5,3.5,6.8,0.512,0.9,2.6,0.354,2.6,4.2,0.608,0.579,1.2,1.6,0.732,1.0,3.8,4.8,2.0,0.6,0.4,1.3,2.8,9.0
434,Kelly Oubre,SF,21,WAS,79,5,20.3,2.4,5.6,0.42100000000000004,0.7,2.4,0.287,1.7,3.2,0.52,0.48200000000000004,0.9,1.3,0.758,0.8,2.5,3.3,0.6,0.7,0.2,0.6,2.5,6.3
435,Zaza Pachulia,C,32,GSW,70,70,18.1,2.3,4.4,0.534,0.0,0.0,0.0,2.3,4.4,0.5379999999999999,0.534,1.4,1.8,0.778,2.0,3.9,5.9,1.9,0.8,0.5,1.2,2.4,6.1
436,Georgios Papagiannis,C,19,SAC,22,0,16.1,2.5,4.6,0.5489999999999999,0.0,0.1,0.0,2.5,4.5,0.56,0.5489999999999999,0.5,0.6,0.857,1.1,2.8,3.9,0.9,0.1,0.8,1.1,2.0,5.6
437,Jabari Parker,PF,21,MIL,51,50,33.9,7.8,16.0,0.49,1.3,3.5,0.365,6.5,12.5,0.525,0.53,3.2,4.3,0.743,1.5,4.6,6.2,2.8,1.0,0.4,1.8,2.2,20.1
438,Tony Parker,PG,34,SAS,63,63,25.2,4.2,9.0,0.466,0.4,1.1,0.33299999999999996,3.8,7.9,0.484,0.486,1.3,1.9,0.726,0.1,1.7,1.8,4.5,0.5,0.0,1.4,1.5,10.1
439,Chandler Parsons,SF,28,MEM,34,34,19.9,2.2,6.5,0.33799999999999997,0.7,2.7,0.26899999999999996,1.5,3.8,0.38799999999999996,0.39399999999999996,1.0,1.3,0.8140000000000001,0.2,2.3,2.5,1.6,0.6,0.1,0.7,1.5,6.2
441,Patrick Patterson,PF,27,TOR,65,8,24.6,2.4,5.9,0.401,1.4,3.9,0.37200000000000005,0.9,2.0,0.45799999999999996,0.523,0.7,0.9,0.7170000000000001,1.0,3.6,4.5,1.2,0.6,0.4,0.6,1.8,6.8
442,Chris Paul,PG,31,LAC,61,61,31.5,6.1,12.9,0.47600000000000003,2.0,5.0,0.41100000000000003,4.1,7.9,0.518,0.555,3.8,4.3,0.892,0.7,4.3,5.0,9.2,2.0,0.1,2.4,2.4,18.1
447,Elfrid Payton,PG,22,ORL,82,58,29.4,5.2,11.1,0.47100000000000003,0.5,1.8,0.27399999999999997,4.8,9.3,0.509,0.493,1.8,2.6,0.6920000000000001,1.1,3.6,4.7,6.5,1.1,0.5,2.2,2.2,12.8
448,Gary Payton,PG,24,MIL,6,0,16.5,1.3,3.7,0.364,0.2,1.5,0.111,1.2,2.2,0.5379999999999999,0.386,0.5,0.8,0.6,0.0,2.0,2.0,2.2,0.5,0.7,1.7,1.5,3.3
451,Mason Plumlee,C,26,TOT,81,64,26.5,4.1,7.7,0.536,0.0,0.1,0.0,4.1,7.6,0.541,0.536,2.1,3.7,0.58,2.1,5.4,7.5,3.5,0.9,1.1,1.7,2.8,10.4
459,Otto Porter,SF,23,WAS,80,80,32.6,5.2,10.0,0.516,1.9,4.3,0.434,3.3,5.8,0.5760000000000001,0.608,1.2,1.5,0.8320000000000001,1.5,5.0,6.4,1.5,1.5,0.5,0.6,2.4,13.4
460,Bobby Portis,PF,21,CHI,64,13,15.6,2.9,5.9,0.488,0.5,1.5,0.33299999999999996,2.4,4.4,0.541,0.531,0.6,0.9,0.6609999999999999,1.2,3.5,4.6,0.5,0.3,0.2,0.6,1.5,6.8
461,Kristaps Porzingis,PF,21,NYK,66,65,32.8,6.7,14.9,0.45,1.7,4.8,0.35700000000000004,5.0,10.2,0.493,0.507,3.0,3.8,0.7859999999999999,1.7,5.5,7.2,1.5,0.7,2.0,1.8,3.7,18.1
462,Dwight Powell,C,25,DAL,77,3,17.3,2.5,4.9,0.515,0.3,1.0,0.284,2.2,3.9,0.5710000000000001,0.542,1.4,1.8,0.759,1.2,2.8,4.0,0.6,0.8,0.5,0.4,1.8,6.7
463,Norman Powell,SG,23,TOR,76,18,18.0,3.0,6.7,0.449,0.7,2.3,0.324,2.3,4.4,0.514,0.504,1.7,2.1,0.792,0.3,1.9,2.2,1.1,0.7,0.2,0.9,1.7,8.4
464,Alex Poythress,PF,23,PHI,6,1,26.2,4.2,9.0,0.46299999999999997,1.0,3.2,0.316,3.2,5.8,0.5429999999999999,0.519,1.3,1.7,0.8,1.8,3.0,4.8,0.8,0.5,0.3,0.5,2.3,10.7
470,Julius Randle,PF,22,LAL,74,73,28.8,5.1,10.4,0.488,0.2,0.9,0.27,4.9,9.6,0.507,0.499,2.8,3.8,0.723,2.0,6.6,8.6,3.6,0.7,0.5,2.3,3.4,13.2
471,Zach Randolph,PF,35,MEM,73,5,24.5,5.9,13.2,0.449,0.3,1.3,0.223,5.6,11.9,0.474,0.46,1.9,2.6,0.731,2.5,5.7,8.2,1.7,0.5,0.1,1.4,1.9,14.1
472,J.J. Redick,SG,32,LAC,78,78,28.2,5.1,11.4,0.445,2.6,6.0,0.429,2.5,5.4,0.462,0.5579999999999999,2.3,2.6,0.8909999999999999,0.1,2.1,2.2,1.4,0.7,0.2,1.3,1.6,15.0
474,Josh Richardson,SG,23,MIA,53,34,30.5,3.8,9.7,0.39399999999999996,1.4,4.3,0.33,2.4,5.4,0.444,0.467,1.1,1.5,0.779,0.7,2.5,3.2,2.6,1.1,0.7,1.2,2.5,10.2
476,Austin Rivers,SG,24,LAC,74,29,27.8,4.4,9.9,0.442,1.5,4.0,0.371,2.9,5.8,0.491,0.518,1.8,2.6,0.691,0.3,1.9,2.2,2.8,0.6,0.1,1.6,2.5,12.0
477,Andre Roberson,SF,25,OKC,79,79,30.1,2.7,5.9,0.46399999999999997,0.6,2.3,0.245,2.2,3.5,0.609,0.513,0.6,1.4,0.423,1.2,3.9,5.1,1.0,1.2,1.0,0.6,2.6,6.6
479,Glenn Robinson,SF,23,IND,69,27,20.7,2.3,4.9,0.467,0.7,1.8,0.392,1.6,3.1,0.512,0.54,0.8,1.1,0.711,0.8,2.7,3.6,0.7,0.6,0.3,0.5,0.9,6.1
482,Sergio Rodriguez,PG,30,PHI,68,30,22.3,3.1,7.9,0.392,1.4,3.7,0.365,1.7,4.2,0.415,0.478,0.3,0.4,0.667,0.3,2.0,2.3,5.1,0.7,0.1,1.9,1.4,7.8
483,Rajon Rondo,PG,30,CHI,69,42,26.7,3.3,8.1,0.408,0.7,1.9,0.376,2.6,6.2,0.418,0.45299999999999996,0.4,0.7,0.6,1.1,4.1,5.1,6.7,1.4,0.2,2.4,2.1,7.8
484,Derrick Rose,PG,28,NYK,64,64,32.5,7.2,15.3,0.47100000000000003,0.2,0.9,0.217,7.0,14.3,0.48700000000000004,0.47700000000000004,3.5,4.0,0.8740000000000001,1.0,2.8,3.8,4.4,0.7,0.3,2.3,1.3,18.0
485,Terrence Ross,SF,25,TOT,78,24,25.1,4.2,9.6,0.43700000000000006,1.8,5.0,0.363,2.4,4.6,0.518,0.532,0.8,1.0,0.831,0.2,2.4,2.6,1.1,1.1,0.4,0.9,1.8,11.0
488,Terry Rozier,PG,22,BOS,74,0,17.1,2.0,5.6,0.36700000000000005,0.8,2.4,0.318,1.3,3.1,0.405,0.43700000000000006,0.7,0.9,0.773,0.5,2.5,3.1,1.8,0.6,0.1,0.6,0.9,5.5
489,Ricky Rubio,PG,26,MIN,75,75,32.9,3.5,8.7,0.402,0.8,2.6,0.306,2.7,6.1,0.44299999999999995,0.44799999999999995,3.4,3.8,0.8909999999999999,0.9,3.2,4.1,9.1,1.7,0.1,2.6,2.7,11.1
491,Brandon Rush,SG,31,MIN,47,33,21.9,1.5,4.0,0.374,0.9,2.4,0.386,0.6,1.6,0.35600000000000004,0.49200000000000005,0.3,0.4,0.722,0.3,1.8,2.1,1.0,0.5,0.5,0.6,0.9,4.2
492,D'Angelo Russell,PG,20,LAL,63,60,28.7,5.6,13.8,0.405,2.1,6.1,0.35200000000000004,3.4,7.7,0.447,0.483,2.3,3.0,0.782,0.5,3.0,3.5,4.8,1.4,0.3,2.8,2.1,15.6
493,Domantas Sabonis,PF,20,OKC,81,66,20.1,2.4,5.9,0.39899999999999997,0.6,2.0,0.321,1.7,4.0,0.43799999999999994,0.452,0.5,0.8,0.657,0.6,3.0,3.6,1.0,0.5,0.4,1.0,2.5,5.9
495,Dario Saric,PF,22,PHI,81,36,26.3,4.7,11.4,0.41100000000000003,1.3,4.2,0.311,3.4,7.2,0.469,0.46799999999999997,2.1,2.7,0.782,1.4,5.0,6.3,2.2,0.7,0.4,2.3,2.0,12.8
497,Dennis Schroder,PG,23,ATL,79,78,31.5,6.9,15.4,0.451,1.3,3.7,0.34,5.7,11.6,0.48700000000000004,0.493,2.8,3.2,0.855,0.5,2.6,3.1,6.3,0.9,0.2,3.3,1.9,17.9
500,Thabo Sefolosha,SF,32,ATL,62,42,25.7,2.8,6.4,0.441,0.7,1.9,0.342,2.1,4.4,0.484,0.49200000000000005,0.9,1.2,0.733,0.9,3.5,4.4,1.7,1.5,0.5,0.9,1.6,7.2
501,Wayne Selden,SG,22,TOT,14,5,16.9,1.8,4.1,0.431,0.5,2.0,0.25,1.3,2.1,0.6,0.491,1.0,1.6,0.636,0.1,1.1,1.1,0.9,0.4,0.1,0.9,1.3,5.1
505,Ramon Sessions,PG,30,CHO,50,1,16.2,2.0,5.3,0.38,0.4,1.2,0.33899999999999997,1.6,4.0,0.39299999999999996,0.42,1.8,2.4,0.7709999999999999,0.2,1.2,1.5,2.6,0.5,0.1,0.9,0.9,6.2
507,Iman Shumpert,SG,26,CLE,76,31,25.5,2.6,6.4,0.41100000000000003,1.2,3.4,0.36,1.4,3.0,0.469,0.507,0.9,1.2,0.789,0.5,2.4,2.9,1.4,0.8,0.4,1.0,2.0,7.5
508,Pascal Siakam,PF,22,TOR,55,38,15.6,1.9,3.7,0.502,0.0,0.1,0.14300000000000002,1.9,3.6,0.515,0.505,0.4,0.6,0.688,1.2,2.2,3.4,0.3,0.5,0.8,0.6,2.0,4.2
509,Jonathon Simmons,SG,27,SAS,78,8,17.8,2.3,5.4,0.42,0.4,1.3,0.294,1.9,4.1,0.461,0.456,1.3,1.7,0.75,0.3,1.8,2.1,1.6,0.6,0.3,1.0,1.9,6.2
511,Marcus Smart,SG,22,BOS,79,24,30.4,3.4,9.5,0.359,1.2,4.2,0.28300000000000003,2.2,5.3,0.42,0.42200000000000004,2.6,3.2,0.812,1.0,2.9,3.9,4.6,1.6,0.4,2.0,2.4,10.6
512,Ish Smith,PG,28,DET,81,32,24.1,4.1,9.2,0.439,0.3,1.3,0.267,3.7,8.0,0.467,0.45799999999999996,0.9,1.3,0.706,0.3,2.6,2.9,5.2,0.8,0.4,1.4,1.6,9.4
513,J.R. Smith,SG,31,CLE,41,35,29.0,3.0,8.7,0.34600000000000003,2.3,6.6,0.35100000000000003,0.7,2.1,0.32899999999999996,0.479,0.2,0.4,0.667,0.4,2.3,2.8,1.5,1.0,0.3,0.6,1.9,8.6
515,Tony Snell,SG,25,MIL,80,80,29.2,3.1,6.8,0.455,1.8,4.4,0.406,1.3,2.3,0.5479999999999999,0.588,0.6,0.7,0.81,0.3,2.8,3.1,1.2,0.7,0.2,0.7,1.6,8.5
516,Marreese Speights,C,29,LAC,82,2,15.7,3.0,6.7,0.445,1.3,3.4,0.37200000000000005,1.7,3.3,0.52,0.539,1.5,1.7,0.8759999999999999,1.1,3.5,4.5,0.8,0.3,0.5,0.8,2.8,8.7
518,Nik Stauskas,SG,23,PHI,80,27,27.4,3.1,7.9,0.396,1.7,4.5,0.368,1.5,3.4,0.433,0.5,1.5,1.9,0.813,0.3,2.6,2.8,2.4,0.6,0.4,1.6,1.8,9.5
519,Lance Stephenson,SG,26,TOT,18,0,20.1,3.0,6.7,0.45,0.3,1.1,0.3,2.7,5.6,0.48,0.475,0.4,0.7,0.615,0.2,2.7,2.9,3.3,0.3,0.2,1.4,1.8,6.8
525,Rodney Stuckey,PG,30,IND,39,0,17.8,2.3,6.3,0.373,0.5,1.5,0.317,1.8,4.7,0.391,0.41200000000000003,2.1,2.7,0.748,0.2,2.0,2.2,2.2,0.4,0.0,1.4,1.1,7.2
531,Jeff Teague,PG,28,IND,82,82,32.4,4.9,11.1,0.442,1.1,3.1,0.35700000000000004,3.8,8.0,0.475,0.49200000000000005,4.4,5.1,0.867,0.4,3.6,4.0,7.8,1.2,0.4,2.6,2.0,15.3
533,Mirza Teletovic,PF,31,MIL,70,2,16.2,2.2,6.0,0.373,1.5,4.4,0.341,0.7,1.6,0.46,0.498,0.5,0.6,0.778,0.2,2.2,2.3,0.7,0.2,0.2,0.5,1.6,6.4
534,Garrett Temple,SG,30,SAC,65,21,26.6,2.8,6.6,0.424,1.3,3.4,0.373,1.6,3.3,0.47600000000000003,0.519,0.9,1.1,0.784,0.5,2.3,2.8,2.6,1.3,0.4,1.2,2.2,7.8
535,Jason Terry,SG,39,MIL,74,0,18.4,1.4,3.3,0.43200000000000005,1.0,2.3,0.42700000000000005,0.4,1.0,0.444,0.5820000000000001,0.3,0.4,0.828,0.2,1.2,1.4,1.3,0.6,0.3,0.5,1.3,4.1
536,Isaiah Thomas,PG,27,BOS,76,76,33.8,9.0,19.4,0.46299999999999997,3.2,8.5,0.379,5.8,10.9,0.528,0.546,7.8,8.5,0.909,0.6,2.1,2.7,5.9,0.9,0.2,2.8,2.2,28.9
537,Lance Thomas,PF,28,NYK,46,15,21.0,2.1,5.3,0.39799999999999996,0.8,1.8,0.447,1.3,3.5,0.371,0.475,0.9,1.1,0.843,0.7,2.4,3.1,0.8,0.5,0.1,0.5,1.8,6.0
538,Hollis Thompson,SG,25,TOT,40,9,18.8,1.9,5.0,0.385,0.8,2.4,0.337,1.1,2.6,0.429,0.465,0.5,0.7,0.655,0.5,2.3,2.8,0.9,0.5,0.2,0.3,1.7,5.1
541,Klay Thompson,SG,26,GSW,78,78,34.0,8.3,17.6,0.46799999999999997,3.4,8.3,0.414,4.8,9.3,0.516,0.565,2.4,2.8,0.853,0.6,3.0,3.7,2.1,0.8,0.5,1.6,1.8,22.3
542,Tristan Thompson,C,25,CLE,78,78,29.9,3.4,5.6,0.6,0.0,0.0,0.0,3.4,5.6,0.604,0.6,1.4,2.7,0.498,3.7,5.5,9.2,1.0,0.5,1.1,0.8,2.3,8.1
543,Marcus Thornton,SG,29,WAS,33,1,17.4,2.5,6.4,0.4,0.8,2.4,0.35,1.7,3.9,0.431,0.467,0.7,0.8,0.852,0.7,1.6,2.3,1.2,0.6,0.1,0.8,1.5,6.6
545,Anthony Tolliver,PF,31,SAC,65,9,22.7,2.4,5.4,0.442,1.4,3.5,0.391,1.0,1.9,0.537,0.57,0.9,1.3,0.7440000000000001,0.8,2.9,3.6,1.2,0.5,0.3,0.9,1.7,7.1
549,Karl-Anthony Towns,C,21,MIN,82,82,37.0,9.8,18.0,0.542,1.2,3.4,0.36700000000000005,8.5,14.7,0.5820000000000001,0.5760000000000001,4.3,5.2,0.8320000000000001,3.6,8.7,12.3,2.7,0.7,1.3,2.6,2.9,25.1
550,P.J. Tucker,SF,31,TOT,81,21,27.6,2.5,6.0,0.413,0.9,2.4,0.35700000000000004,1.6,3.5,0.451,0.485,0.9,1.1,0.774,1.4,4.4,5.8,1.2,1.4,0.2,0.8,2.4,6.7
553,Evan Turner,SF,28,POR,65,12,25.5,3.6,8.5,0.426,0.5,1.8,0.263,3.1,6.7,0.47,0.45399999999999996,1.3,1.6,0.825,0.6,3.2,3.8,3.2,0.8,0.4,1.5,1.9,9.0
554,Myles Turner,C,20,IND,81,81,31.4,5.5,10.7,0.511,0.5,1.4,0.348,5.0,9.3,0.536,0.534,3.0,3.7,0.809,1.7,5.6,7.3,1.3,0.9,2.1,1.3,3.2,14.5
556,Tyler Ulis,PG,21,PHO,61,15,18.4,3.0,7.2,0.42100000000000004,0.3,1.3,0.266,2.7,5.9,0.455,0.445,0.9,1.2,0.775,0.3,1.2,1.6,3.7,0.8,0.1,1.3,1.2,7.3
558,Jonas Valanciunas,C,24,TOR,80,80,25.8,4.9,8.8,0.557,0.0,0.0,0.5,4.9,8.8,0.557,0.5579999999999999,2.2,2.7,0.8109999999999999,2.8,6.7,9.5,0.7,0.5,0.8,1.3,2.7,12.0
560,Denzel Valentine,SG,23,CHI,57,0,17.1,1.8,5.1,0.354,1.3,3.6,0.35100000000000003,0.5,1.4,0.363,0.48100000000000004,0.2,0.3,0.778,0.2,2.5,2.6,1.1,0.5,0.1,0.9,1.5,5.1
565,Noah Vonleh,PF,21,POR,74,41,17.1,1.8,3.6,0.48100000000000004,0.1,0.3,0.35,1.7,3.4,0.49200000000000005,0.494,0.8,1.3,0.638,1.8,3.5,5.2,0.4,0.4,0.4,0.9,2.1,4.4
566,Nikola Vucevic,C,26,ORL,75,55,28.8,6.4,13.7,0.46799999999999997,0.3,1.0,0.307,6.1,12.7,0.48100000000000004,0.48,1.4,2.1,0.669,2.3,8.0,10.4,2.8,1.0,1.0,1.6,2.4,14.6
568,Dwyane Wade,SG,35,CHI,60,59,29.9,6.9,15.9,0.434,0.8,2.4,0.31,6.2,13.5,0.456,0.457,3.7,4.7,0.794,1.1,3.5,4.5,3.8,1.4,0.7,2.3,1.9,18.3
569,Dion Waiters,SG,25,MIA,46,43,30.1,6.1,14.4,0.424,1.8,4.7,0.395,4.3,9.7,0.43799999999999994,0.488,1.8,2.8,0.6459999999999999,0.4,2.9,3.3,4.3,0.9,0.4,2.2,2.1,15.8
570,Kemba Walker,PG,26,CHO,79,79,34.7,8.1,18.3,0.444,3.0,7.6,0.39899999999999997,5.1,10.7,0.47600000000000003,0.527,3.8,4.5,0.847,0.6,3.3,3.9,5.5,1.1,0.3,2.1,1.5,23.2
571,John Wall,PG,26,WAS,78,78,36.4,8.3,18.4,0.451,1.1,3.5,0.327,7.2,14.9,0.48,0.48200000000000004,5.4,6.8,0.8009999999999999,0.8,3.4,4.2,10.7,2.0,0.6,4.1,1.9,23.1
572,Taurean Waller-Prince,SF,22,ATL,59,10,16.6,1.9,4.8,0.4,0.6,1.7,0.324,1.4,3.1,0.44299999999999995,0.45799999999999996,1.3,1.6,0.787,0.4,2.2,2.7,0.9,0.7,0.5,1.0,1.6,5.7
573,T.J. Warren,SF,23,PHO,66,59,31.0,6.1,12.3,0.495,0.4,1.5,0.265,5.7,10.8,0.527,0.511,1.8,2.3,0.773,1.9,3.2,5.1,1.1,1.2,0.6,0.9,2.7,14.4
574,C.J. Watson,PG,32,ORL,62,9,16.3,1.5,4.0,0.387,0.5,1.7,0.305,1.0,2.3,0.44799999999999995,0.452,0.9,1.1,0.8640000000000001,0.3,1.2,1.4,1.8,0.7,0.0,0.8,1.4,4.5
579,Russell Westbrook,PG,28,OKC,81,81,34.6,10.2,24.0,0.425,2.5,7.2,0.34299999999999997,7.7,16.8,0.45899999999999996,0.47600000000000003,8.8,10.4,0.845,1.7,9.0,10.7,10.4,1.6,0.4,5.4,2.3,31.6
581,Isaiah Whitehead,PG,21,BRK,73,26,22.5,2.8,7.0,0.402,0.6,2.0,0.295,2.2,4.9,0.446,0.445,1.2,1.5,0.805,0.4,2.1,2.5,2.6,0.6,0.5,1.9,2.4,7.4
583,Hassan Whiteside,C,27,MIA,77,77,32.6,7.0,12.6,0.557,0.0,0.0,0.0,7.0,12.6,0.557,0.557,2.9,4.6,0.628,3.8,10.3,14.1,0.7,0.7,2.1,2.0,2.9,17.0
584,Andrew Wiggins,SF,21,MIN,82,82,37.2,8.6,19.1,0.452,1.3,3.5,0.35600000000000004,7.4,15.6,0.473,0.484,5.0,6.6,0.76,1.2,2.8,4.0,2.3,1.0,0.4,2.3,2.2,23.6
586,Alan Williams,C,24,PHO,47,0,15.1,2.9,5.7,0.517,0.0,0.0,0.0,2.9,5.7,0.519,0.517,1.5,2.4,0.625,2.0,4.2,6.2,0.5,0.6,0.7,0.8,2.7,7.4
587,Deron Williams,PG,32,TOT,64,44,25.9,4.1,9.4,0.43799999999999994,1.3,3.7,0.363,2.8,5.7,0.486,0.509,1.4,1.7,0.826,0.2,2.1,2.3,5.6,0.5,0.1,2.2,2.2,11.0
590,Derrick Williams,PF,25,TOT,50,11,16.1,2.2,4.9,0.44299999999999995,0.6,1.9,0.309,1.6,2.9,0.531,0.504,1.2,1.8,0.652,0.4,2.2,2.6,0.6,0.3,0.1,0.6,1.2,6.1
593,Lou Williams,SG,30,TOT,81,1,24.6,5.3,12.3,0.429,2.0,5.5,0.365,3.3,6.8,0.48,0.511,5.0,5.6,0.88,0.3,2.2,2.5,3.0,1.0,0.2,2.0,1.1,17.5
596,Marvin Williams,PF,30,CHO,76,76,30.2,3.9,9.3,0.42200000000000004,1.6,4.7,0.35,2.3,4.6,0.494,0.51,1.7,2.0,0.873,1.2,5.4,6.6,1.4,0.8,0.7,0.8,1.8,11.2
598,Troy Williams,SF,22,TOT,30,16,18.6,2.4,5.6,0.43700000000000006,0.6,2.1,0.29,1.8,3.5,0.524,0.491,0.7,1.1,0.6559999999999999,0.5,1.8,2.3,0.8,0.9,0.3,1.1,2.0,6.2
602,Justise Winslow,SF,20,MIA,18,15,34.7,4.4,12.5,0.35600000000000004,0.4,1.9,0.2,4.1,10.6,0.384,0.371,1.6,2.6,0.617,1.3,3.9,5.2,3.7,1.4,0.3,1.8,2.9,10.9
606,Brandan Wright,PF,29,MEM,28,5,16.0,3.0,4.8,0.615,0.0,0.0,0.0,3.0,4.8,0.619,0.615,0.8,1.3,0.657,1.1,1.7,2.8,0.5,0.4,0.7,0.4,1.5,6.8
607,Delon Wright,PG,24,TOR,27,0,16.5,1.8,4.3,0.42200000000000004,0.4,1.1,0.33299999999999996,1.4,3.2,0.45299999999999996,0.466,1.6,2.0,0.764,0.6,1.2,1.8,2.1,1.0,0.4,0.9,1.1,5.6
610,Nick Young,SG,31,LAL,60,60,25.9,4.5,10.6,0.43,2.8,7.0,0.40399999999999997,1.7,3.5,0.48100000000000004,0.564,1.3,1.5,0.856,0.4,1.9,2.3,1.0,0.6,0.2,0.6,2.3,13.2
612,Thaddeus Young,PF,28,IND,74,74,30.2,4.9,9.3,0.527,0.6,1.6,0.381,4.3,7.7,0.557,0.56,0.6,1.2,0.523,1.8,4.3,6.1,1.6,1.5,0.4,1.3,1.8,11.0
613,Cody Zeller,C,24,CHO,62,58,27.8,4.1,7.1,0.5710000000000001,0.0,0.0,0.0,4.1,7.1,0.5720000000000001,0.5710000000000001,2.1,3.2,0.679,2.2,4.4,6.5,1.6,1.0,0.9,1.0,3.0,10.3
616,Paul Zipser,SF,22,CHI,44,18,19.2,2.0,5.0,0.39799999999999996,0.8,2.3,0.33299999999999996,1.3,2.8,0.451,0.473,0.7,0.9,0.775,0.3,2.5,2.8,0.8,0.3,0.4,0.9,1.8,5.5
617,Ivica Zubac,C,19,LAL,38,11,16.0,3.3,6.3,0.529,0.0,0.1,0.0,3.3,6.2,0.536,0.529,0.8,1.3,0.653,1.1,3.1,4.2,0.8,0.4,0.9,0.8,1.7,7.5
